{
  "coverage_mean": 1.0,
  "coverage_min": 1.0,
  "sliding_coverage_min": 1.0,
  "width_min": 0.8000000000000007,
  "width_median": 1.1999999999999993,
  "width_max": 1.6000000000000014,
  "width_smoothness": 0.03423683940087306,
  "half_width_max": 0.8000000000000007,
  "half_width_p50": 0.5999999999999996,
  "offset_p95": 0.07000000000000028,
  "center_level_db": -9.9375,
  "n_traces": 64,
  "k_final": null,
  "rrs_mae": 0.0,
  "rrs_smooth_enabled": false,
  "thresholds": {
    "coverage_mean_min": 0.97,
    "coverage_min_min": 0.93,
    "sliding_coverage_min": 0.93,
    "half_width_max": 1.05,
    "width_smoothness_max": 0.03
  },
  "passed": true
}