{
  "band_ranges": [
    [
      10000000.0,
      8200000000.0
    ]
  ],
  "k_list": [
    3.5
  ],
  "single_band_mode": true,
  "coverage_mean": 0.9936928353658537,
  "coverage_min": 0.8804878048780488,
  "k_final": 9.0,
  "n_traces": 64,
  "n_frequency_points": 820,
  "freq_start_hz": 10000000.0,
  "freq_end_hz": 8200000000.0,
  "freq_step_hz": 10000000.0
}