{
  "coverage_mean": 0.9994092987804878,
  "coverage_min": 0.9621951219512195,
  "sliding_coverage_min": 0.9621951219512195,
  "width_min": 0.3999999999999986,
  "width_median": 0.3999999999999986,
  "width_max": 0.3999999999999986,
  "width_smoothness": 0.0,
  "half_width_max": 0.1999999999999993,
  "half_width_p50": 0.1999999999999993,
  "offset_p95": 0.07000000000000028,
  "center_level_db": -9.9375,
  "n_traces": 64,
  "k_final": null,
  "rrs_mae": 0.0,
  "rrs_smooth_enabled": false,
  "thresholds": {
    "coverage_mean_min": 0.97,
    "coverage_min_min": 0.93,
    "sliding_coverage_min": 0.93,
    "half_width_max": 1.05,
    "width_smoothness_max": 0.03
  },
  "passed": true,
  "chosen_quantiles": {
    "q_low": 0.015,
    "q_high": 0.985,
    "coverage_target": 0.97
  },
  "width_prior_alpha": 0.8
}