{
  "band_ranges": [
    [
      10000000.0,
      8200000000.0
    ]
  ],
  "k_list": [
    3.5
  ],
  "single_band_mode": true,
  "envelope_version": "v7",
  "coverage_mean": 0.9994092987804878,
  "coverage_min": 0.9621951219512195,
  "k_final": null,
  "n_traces": 64,
  "n_valid_traces": 64,
  "n_frequency_points": 820,
  "freq_start_hz": 10000000.0,
  "freq_end_hz": 8200000000.0,
  "freq_step_hz": 10000000.0,
  "center_level_db": -9.9375,
  "spec_center_db": -10.0,
  "spec_tol_db": 0.4,
  "spec_upper_db": -9.6,
  "spec_lower_db": -10.4,
  "width_min": 0.3999999999999986,
  "width_median": 0.3999999999999986,
  "width_max": 0.3999999999999986,
  "width_smoothness": 0.0,
  "half_width_max": 0.19999999999999998,
  "half_width_p50": 0.19999999999999998,
  "offset_stats": {
    "mean": -0.012343750000000167,
    "std": 0.042938625804018124,
    "p50": 0.0,
    "p95": 0.07000000000000028
  },
  "rrs_mae": 0.0,
  "dropped_trace_ids": [],
  "smooth_params": {
    "smooth_sigma_hz": 800000000.0,
    "extra_clip_max": 0.25,
    "quantile": 0.97
  }
}