{
  "before_alignment": {
    "median": 0.0,
    "p05": -0.09999999999999964,
    "p25": -0.030000000000001137,
    "p75": 0.01750000000000007,
    "p95": 0.03999999999999915,
    "iqr": 0.04750000000000121,
    "mean": -0.013735708841463391,
    "std": 0.04747296733213191,
    "min": -0.21749999999999936,
    "max": 0.1725000000000012
  },
  "after_alignment": {
    "median": 0.0,
    "p05": -0.019999999999999574,
    "p25": -0.005000000000002558,
    "p75": 0.005000000000002558,
    "p95": 0.019999999999999574,
    "iqr": 0.010000000000005116,
    "mean": -0.00010289634146326145,
    "std": 0.01470795595466107,
    "min": -0.17874999999999908,
    "max": 0.16999999999999993
  }
}