{
  "coverage_mean": 0.9988567073170731,
  "coverage_min": 0.9378048780487804,
  "sliding_coverage_min": 0.9881859756097561,
  "width_min": 0.16359839128329057,
  "width_median": 0.19640568703251837,
  "width_max": 0.275082740399867,
  "width_p95": 0.26883643583456324,
  "width_smoothness": 0.00025653070517643714,
  "half_width_max": 0.1375413701999335,
  "half_width_p50": 0.09820284351625919,
  "offset_p95": 0.0792500000000002,
  "center_level_db": -9.930000000000001,
  "n_traces": 64,
  "k_final": null,
  "rrs_mae": 0.0,
  "rrs_smooth_enabled": false,
  "chosen_quantiles": {
    "q_low": 0.0020000000000000018,
    "q_high": 0.998,
    "coverage_target": 0.996
  },
  "clip_db": 0.4,
  "thresholds": {
    "coverage_mean_min": 0.97,
    "coverage_min_min": 0.93,
    "sliding_coverage_min": 0.93,
    "width_p95_max": 0.4,
    "width_smoothness_max": 0.03
  },
  "passed": true
}