{
  "alpha": 1.5,
  "gamma": 0.0,
  "T_low": 0.4263736263736307,
  "T_high": 0.5776933213321814,
  "k_normal_prior": 1.0,
  "beta_amp": 4.0,
  "beta_freq": 4.0,
  "beta_ref": 4.0,
  "jump_energy_p99": 0.11999999999999922,
  "env_violation_p99": 96.62008708650423,
  "overall_threshold": 0.4263736263736307,
  "max_prob_threshold": 0.35,
  "T_normal": 0.4263736263736307,
  "T_prob": 0.35,
  "calibration_balanced_accuracy": 0.8075,
  "calibration_macro_f1": 0.8052743229858095,
  "single_band_mode": true,
  "version": "v8_aggressive_amp_suppression"
}