{
  "alpha": 1.5,
  "gamma": 0.0,
  "T_low": 0.31999999999999884,
  "T_high": 0.3725085522787278,
  "k_normal_prior": 2.0,
  "beta_amp": 1.0,
  "beta_freq": 4.0,
  "beta_ref": 0.0,
  "jump_energy_p99": 0.11999999999999922,
  "env_violation_p99": 0.6424564769381966,
  "overall_threshold": 0.31999999999999884,
  "max_prob_threshold": 0.35,
  "T_normal": 0.31999999999999884,
  "T_prob": 0.35,
  "calibration_balanced_accuracy": 0.5775,
  "calibration_macro_f1": 0.48178210707636576,
  "single_band_mode": true,
  "version": "v8_X30_amp_ref_gate"
}