{
  "alpha": 1.5,
  "gamma": 0.0,
  "T_low": 0.570879120879124,
  "T_high": 0.9,
  "k_normal_prior": 2.0,
  "beta_amp": 4.0,
  "beta_freq": 2.0,
  "beta_ref": 4.0,
  "jump_energy_p99": 0.11999999999999922,
  "env_violation_p99": 96.95343911358745,
  "overall_threshold": 0.570879120879124,
  "max_prob_threshold": 0.35,
  "T_normal": 0.570879120879124,
  "T_prob": 0.35,
  "calibration_balanced_accuracy": 0.8375,
  "calibration_macro_f1": 0.8370586468026373,
  "single_band_mode": true,
  "version": "v8_X30_amp_ref_gate"
}