,gain,bias,comp,df,viol_rate,step_score,res_slope,ripple_var,switch_step_err_max,switch_step_err_ratio,nonswitch_step_max,nonswitch_step_ratio
count,64.0,64.0,64.0,64.0,64.0,64.0,64.0,64.0,64.0,64.0,64.0,64.0
mean,0.9897845249940143,-0.1126220019651181,0.3637949969686874,-86093750.0,0.0013147865853658537,0.0,4.2697097286418715e-13,0.00010935581731135553,0.0,0.0,0.037407812500000026,0.0
std,0.1543033742782386,1.552532328552578,1.9417265746003054,688749999.9999999,0.006026706752185495,0.0,4.401146108841129e-12,0.0001173094973409534,0.0,0.0,0.007880452099823933,0.0
min,0.24066363956030962,-7.513951838282254,-2.8950221222543746,-5510000000.0,0.0,0.0,-6.354665506205873e-12,1.9313828696645227e-05,0.0,0.0,0.02480000000000082,0.0
50%,0.9936885384247154,-0.09956103457191814,0.20790644350547893,0.0,0.0,0.0,3.612891866359827e-13,6.708845217225448e-05,0.0,0.0,0.03687500000000021,0.0
90%,1.1662698636460775,1.677402373045161,1.6469496103588483,0.0,0.0,0.0,2.2894224498454404e-12,0.00020887641924542593,0.0,0.0,0.0442949999999998,0.0
95%,1.2113416874317415,2.119299819597993,1.7512512712919088,0.0,0.0,0.0,2.8965532551284116e-12,0.00044681033639481127,0.0,0.0,0.04687999999999883,0.0
99%,1.2277427777214511,2.2936629262641293,6.654168348102214,0.0,0.02908536585365852,0.0,1.3575164702403849e-11,0.0005218343333155493,0.0,0.0,0.06382900000000133,0.0
max,1.2306829627977496,2.3228799997975895,12.850909147521179,0.0,0.032926829268292684,0.0,3.126265513300954e-11,0.0005592353195503047,0.0,0.0,0.08380000000000187,0.0
