,gain,bias,comp,df,viol_rate,step_score,res_slope,ripple_var,switch_step_err_max,switch_step_err_ratio,nonswitch_step_max,nonswitch_step_ratio
count,64.0,64.0,64.0,64.0,64.0,64.0,64.0,64.0,64.0,64.0,64.0,64.0
mean,0.9787970137218939,-0.2239702096612125,0.04326686305774258,-86093750.0,0.006307164634146342,0.0,-2.969186862917407e-13,0.00010860975009527489,0.0,0.0,0.037407812500000026,0.0
std,0.15235711294601628,1.5370006271588657,1.847966083436875,688750000.0,0.02248937554665314,0.0,4.401146108841131e-12,0.00011077994047609917,0.0,0.0,0.007880452099823933,0.0
min,0.3685993656783835,-6.243656732560018,-2.973509110065436,-5510000000.0,0.0,0.0,-7.07855516536181e-12,3.008162576219502e-05,0.0,0.0,0.02480000000000082,0.0
50%,0.982685150000215,-0.15971712845404118,-0.07226369215519357,0.0,0.0012195121951219512,0.0,-3.626004725199443e-13,6.766033460365887e-05,0.0,0.0,0.03687500000000021,0.0
90%,1.1662989895883338,1.675092136972431,1.201144534136111,0.0,0.003658536585365854,0.0,1.5655327906895148e-12,0.00019811256234756304,0.0,0.0,0.0442949999999998,0.0
95%,1.2143462123775415,2.1461792370292896,1.389185356954806,0.0,0.004695121951219505,0.0,2.1726635959724853e-12,0.0004295170431402457,0.0,0.0,0.04687999999999883,0.0
99%,1.2302899585889004,2.3159283425733217,6.161216788913645,0.0,0.11259756097560973,0.0,1.2851275043247922e-11,0.0005044643840243887,0.0,0.0,0.06382900000000133,0.0
max,1.2305143087520056,2.3182146114026376,12.037000649868105,0.0,0.11951219512195121,0.0,3.0538765473853616e-11,0.0005239855160060994,0.0,0.0,0.08380000000000187,0.0
