,gain,bias,comp,df,viol_rate,step_score,res_slope,ripple_var,switch_step_err_max,switch_step_err_ratio,nonswitch_step_max,nonswitch_step_ratio
count,114.0,114.0,114.0,114.0,114.0,114.0,114.0,114.0,114.0,114.0,114.0,114.0
mean,0.21367916504598175,-3.3788288649667213,1.70389452504648,-2381145092.4608817,0.05276315789473684,0.0,8.993675180313386e-12,0.005295169232240559,0.0,0.0,0.07006976013405579,0.0
std,0.7482961505272644,2.614424920204172,4.852003767176483,2907059097.380945,0.1560423304623913,0.0,1.3599897283597722e-11,0.006480206717718646,0.0,0.0,0.032217519770425064,0.0
min,-0.8748294169409793,-8.440981109556258,-5.438106578414477,-6829099099.099099,0.0,0.0,-7.968246220993498e-12,2.405330353182554e-05,0.0,0.0,0.03044594594594585,0.0
50%,0.6890039314213672,-3.1463824277938652,-0.254984876827443,0.0,0.001,0.0,5.896594577912936e-13,0.0003257184095783127,0.0,0.0,0.060538137859118255,0.0
90%,1.0195870735219141,0.1845274186875553,10.082590613573363,0.0,0.1267,0.0,3.044030189150454e-11,0.013272620684455082,0.0,0.0,0.12108384802517332,0.0
95%,1.072838715088732,0.7149281477433246,11.88683125273037,0.0,0.18419999999999992,0.0,3.534252366098359e-11,0.015525097765130672,0.0,0.0,0.13546653429915248,0.0
99%,1.1391965515642963,1.3812492778494165,14.178239540434747,0.0,0.93887,0.0,4.0318466537228555e-11,0.021776638867741185,0.0,0.0,0.17527463180636116,0.0
max,1.1435952643094487,1.4266840688324087,15.644379631599804,0.0,0.944,0.0,4.1414976360942896e-11,0.03161916907319847,0.0,0.0,0.21064621251740112,0.0
