,gain,bias,comp,df,viol_rate,step_score,res_slope,ripple_var,switch_step_err_max,switch_step_err_ratio,nonswitch_step_max,nonswitch_step_ratio
count,64.0,64.0,64.0,64.0,64.0,64.0,64.0,64.0,64.0,64.0,64.0,64.0
mean,0.9787970137158857,-0.2239702097211747,0.04326686303671265,-86093750.0,0.006307164634146341,0.0,-2.969186862917396e-13,0.0001086097500952749,0.0,0.0,0.037407812500000026,0.0
std,0.1523571129080103,1.5370006267827447,1.8479660835415235,688749999.9999999,0.02248937554665314,0.0,4.401146108841129e-12,0.00011077994047609918,0.0,0.0,0.007880452099823933,0.0
min,0.36859936588638265,-6.243656730494113,-2.9735091105008293,-5510000000.0,0.0,0.0,-7.0785551653617974e-12,3.008162576219502e-05,0.0,0.0,0.02480000000000082,0.0
50%,0.9826851500001383,-0.15971712845480202,-0.07226369210119998,0.0,0.0012195121951219512,0.0,-3.626004725199458e-13,6.766033460365887e-05,0.0,0.0,0.03687500000000021,0.0
90%,1.1662989895847078,1.6750921369364344,1.2011445342696374,0.0,0.003658536585365854,0.0,1.5655327906895136e-12,0.00019811256234756304,0.0,0.0,0.0442949999999998,0.0
95%,1.2143462123603057,2.1461792368581625,1.3891853570582082,0.0,0.004695121951219505,0.0,2.1726635959724837e-12,0.0004295170431402457,0.0,0.0,0.04687999999999883,0.0
99%,1.2302899584897677,2.3159283415879095,6.161216789095523,0.0,0.11259756097560973,0.0,1.2851275043247922e-11,0.0005044643840243887,0.0,0.0,0.06382900000000133,0.0
max,1.2305143084856167,2.3182146087546434,12.03700065033884,0.0,0.11951219512195121,0.0,3.0538765473853616e-11,0.0005239855160060994,0.0,0.0,0.08380000000000187,0.0
