,gain,bias,comp,df,viol_rate,step_score,res_slope,ripple_var,switch_step_err_max,switch_step_err_ratio,nonswitch_step_max,nonswitch_step_ratio
count,64.0,64.0,64.0,64.0,64.0,64.0,64.0,64.0,64.0,64.0,64.0,64.0
mean,0.9787970137159423,-0.2239702097205783,0.043266863036732744,-86093750.0,0.02825838414634146,0.0,-2.969186862917396e-13,0.0001086097500952749,0.0,0.0,0.037407812500000026,0.0
std,0.1523571129094097,1.5370006267972425,1.8479660835412635,688749999.9999999,0.12332512080642416,0.0,4.401146108841129e-12,0.00011077994047609918,0.0,0.0,0.007880452099823933,0.0
min,0.3685993658948969,-6.243656730409549,-2.973509110500345,-5510000000.0,0.0,0.0,-7.0785551653617974e-12,3.008162576219502e-05,0.0,0.0,0.02480000000000082,0.0
50%,0.9826851500001307,-0.15971712845487812,-0.07226369210122385,0.0,0.0,0.0,-3.626004725199458e-13,6.766033460365887e-05,0.0,0.0,0.03687500000000021,0.0
90%,1.1662989896298968,1.67509213738524,1.2011445342694602,0.0,0.0,0.0,1.5655327906895136e-12,0.00019811256234756304,0.0,0.0,0.0442949999999998,0.0
95%,1.2143462123225541,2.1461792364829053,1.389185357057974,0.0,0.06945121951219466,0.0,2.1726635959724837e-12,0.0004295170431402457,0.0,0.0,0.04687999999999883,0.0
99%,1.2302899584717066,2.3159283414083682,6.161216789094901,0.0,0.6035487804878047,0.0,1.2851275043247922e-11,0.0005044643840243887,0.0,0.0,0.06382900000000133,0.0
max,1.2305143084490862,2.318214608391487,12.037000650337177,0.0,0.6365853658536585,0.0,3.0538765473853616e-11,0.0005239855160060994,0.0,0.0,0.08380000000000187,0.0
