end_freq,start_freq,step_mean,step_std,tolerance,is_within_tolerance
13002998356.835684,13002998356.835684,0.0,0.0,0.2,True
45999253054.305435,45999253054.305435,0.0,0.0,0.2,True
